argresvact/frame_mut	576675
argresvact/reserved	576675
argresvsib/shared_over_reservation	89
argretlet.rec	201
argretlet.sel	256
argret.loaned.masked	4798
argret.loaned.plain	874725
argret.masked.noloan	11313
atpld.at	14
atpld.atref	2
capmove.arrive	28
capmove.drop	8
capmove.mut	5
capmove.ref	8
capmove.trivial	12
capmove.typed	28
capshared/live_root	62
closbnd.ret.adopted	2
closbnd.ret.tied	5
clos.param.any	147
clos.param.elided	53
clos.param.written	3
clos.param.written-skip	4
clos.static.yield	1
drf.mut	161
drf.nomut.local	10
drf.nomut.param	94
drf.selfmut	161
dropfor.qualified.miss	10
dropwf.arrival	70455
dropwf.e0120	2
dropwf.e0277	1
dropwf.e0366	1
dropwf.e0367	3
inst.call.differs	352
inst.call.site	358
lit.mint.gen.sized	14
lit.mint.sized	100
lowerfn.nofuncinfo	1
mb.aot.arrive	3
mb.aot.hatch	1
mb.aot.hatch.byval	1
mb.aot.refuse	2
mb.f.arrive	4
mb.f.hatch	1
mb.f.hatch.byval	1
mb.f.refuse	3
mb.w.arrive	571885
mb.w.hatch	571846
mb.w.hatch.byval	6
mb.w.hatch.ref	571840
mb.w.refuse	39
mcall.A.var	222559
mcrecv.kind.11	54
mcrecv.kind.12	139799
mcrecv.kind.13	128
mcrecv.kind.14	11230
mcrecv.kind.15	15
mcrecv.kind.16	2
mcrecv.kind.18	448
mcrecv.kind.22	827
mcrecv.kind.4	49145
mcrecv.kind.7	85
mcrecv.kind.8	1509
mcrecv.nested	10901
mcrecv.top	192341
meet.call.applied	8
meet.call.binder	67
meet.call.fnvar.co	8
meet.call.fnvar.inv	5
meet.call.multi	13
meet.call.multi.novariance	13
meet.method.binder	16
meet.structlit.binder	59
mint.dstref.elided	44785
mint.dstref.written	2744
mint.fn.signature	18907966
mint.ref.elided	6382739
mint.ref.written	25141
mint.ret.no-source	13897211
mint.ret.unified	5010755
mint.slice.elided	1709800
mint.slice.written	16
mint.structarg.absent	18
mint.structarg.elided	18
mint.structarg.written	340
mint.traitobject.elided	32415
mint.traitobject.written	6
mvsrc.raw.direct	23
mvsrc.raw.exempt	34
patdecl.arrive.At	18
patdecl.arrive.Bool	31
patdecl.arrive.Int	80
patdecl.arrive.Or	12
patdecl.arrive.Range	47
patdecl.arrive.RefBind	20
patdecl.arrive.RefPat	18
patdecl.arrive.Slice	35
patdecl.arrive.Struct	84
patdecl.arrive.Tuple	80
patdecl.arrive.Variant	3775666
patdecl.arrive.VariantData	7719961
patdecl.arrive.Wild	1355
regslot.dyntype.elided	58008
regslot.dyntype.written	18
regslot.mutref.dst.elided	58953
regslot.ref.dst.elided	68777
regslot.ref.dst.written	2757
regslot.ref.dyn.elided	4
regslot.ref.slice.elided	22693
regslot.ref.slice.written	932
regslot.slicetype.elided	344404
regslot.slicetype.written	32
regslot.taggedtype.elided	13
rigid.eq.arrive	74
rigid.eq.both	3
rigid.eq.distinct	13
rigid.eq.none	3
rigid.eq.one	7
rms.arrive	816753
rms.hit	808872
rms.miss	7881
self.lts-restored.default	4
stfacts.let.region	218
stfacts.let.struct_region	42
stfacts.place_base	2010
stland.call.elided_ret	18048
stland.lteq	10
stland.outl	9
structlit.field.instantiated	29
st.tpbound.empty	1
subst.call.mapped	67
subst.call.mentioned	478
subst.call.site	156
subst.call.unmapped	41
subst.structlit.differs	44
subst.structlit.fat.pair	26
subst.structlit.gen.differs	14
subst.structlit.site	100
trdef.hasimpl	187683
trdef.mint	192311
trdef.orphan	4628
tupelem.orref	1
tupelem.orwild	108
var.bc_closmint_struct_arg_tied.Wrap.@0=Co	2
var.bc_closmint_struct_arg_untied_fail.Wrap.@0=Co	2
var.bc_dclalias_missing_lifetime_arg_fail.Foo.@0=Co	1
var.bc_dclalias_written_lifetime_arg.Bar.@0=Co	2
var.bc_dclalias_written_lifetime_arg.Foo.@0=Co	2
var.bc_dclassoc_named_ref.W.@0=Co	2
var.bc_dclimplbnd_matching_bound.Inv.@0=Co	2
var.bc_dclimplbnd_matching_bound.P.@0=Co	2
var.bc_dclimplbnd_matching_bound.P.@1=Co	2
var.bc_dclimplhdr_declared_trait_arg.S.@0=Co	2
var.bc_dclltdistinct_one_lifetime_twice.S.@0=Co	2
var.bc_dclltpos_struct_arity_counts_fail.S.@0=Co	1
var.bc_dclltpos_struct_arity_named.S.@0=Co	2
var.bc_dclshadow_method_own_binder.S.@0=Co	2
var.bc_dropck_field_same_path_rewrite_admit.W.@0=Co	2
var.bc_dropck_field_two_paths_fail.W.@0=Co	2
var.bc_dropck_field_two_paths_swapped_fail.W.@0=Co	2
var.bc_dropck_field_whole_reowns_admit.W.@0=Co	2
var.bc_dropck_reverse_order_fail.H.@0=Co	2
var.bc_dropck_reverse_order_nodrop_admit.P.@0=Co	2
var.bc_dropck_shadowed_name_admit.H.@0=Co	2
var.bc_dropck_source_dies_first_fail.H.@0=Co	2
var.bc_enumpldlt_declared_payload_lifetime::E.@0=Co	2
var.bc_enumpldlt_declared_payload_lifetime.W.@0=Co	2
var.bc_enumpldlt_undeclared_payload_lifetime::E.@0=BiVar	1
var.bc_fieldassign_variance_elided_holder_fail.H.@0=Co	2
var.bc_fieldassign_variance_legal_shapes.A.@0=Co	2
var.bc_fieldassign_variance_legal_shapes::E.@0=Co	2
var.bc_fieldassign_variance_legal_shapes.F.@0=Contra	2
var.bc_fieldassign_variance_legal_shapes.H.@0=Co	2
var.bc_fieldassign_variance_legal_shapes.HE.@0=Co	2
var.bc_fieldassign_variance_legal_shapes.HN.@0=Co	2
var.bc_fieldassign_variance_legal_shapes.In.@0=Co	2
var.bc_fieldassign_variance_legal_shapes.M.@0=Co	2
var.bc_fieldassign_variance_legal_shapes.Out.@0=Co	2
var.bc_fieldassign_variance_no_bound_fail.H.@0=Co	2
var.bc_fieldassign_variance_wrong_bound_fail.H.@0=Co	2
var.bc_letann_lt_static_fail.Foo.@0=Co	2
var.bc_letann_lt_static_ok.Foo.@0=Co	2
var.bc_letelide_lt_carry_fail.Ref.@0=Co	2
var.bc_letelide_lt_carry_ok.Ref.@0=Co	2
var.bc_ltargdecl_lifetime_arg_arity_match.Foo.@0=Co	2
var.bc_ltargdecl_lifetime_arg_arity_match.Foo.@1=Co	2
var.bc_ltargdecl_selfref_enum_prepass::Ast.@0=Co	2
var.bc_ltbindresv_ordinary_binder_name.Foo.@0=Co	2
var.bc_ltcallmeet_callee_binder_meet.FnCtxt.@0=Co	2
var.bc_ltcallmeet_callee_binder_meet.FnCtxt.@1=Co	2
var.bc_ltcallmeet_callee_binder_meet.Pair.@0=Co	2
var.bc_ltcallmeet_expected_loss_twins.Holder.@0=Co	2
var.bc_ltcallmeet_invariant_binder_no_meet.FnCtxt.@0=Co	2
var.bc_ltcallmeet_invariant_binder_no_meet.FnCtxt.@1=Inv	2
var.bc_ltimplhdr_self_lifetime_args_from_the_header.FixedGreeter.@0=Co	2
var.bc_ltimplhdr_self_lifetime_args_from_the_header.Foo.@0=Co	2
var.bc_ltimplhdr_self_lifetime_args_from_the_header.Keep.@0=Co	2
var.bc_ltregslot_dyn_field_coerced_arg.A.@0=Co	2
var.bc_ltscope_impl_legal_shapes.H.@0=Co	2
var.bc_ltscope_impl_legal_shapes.Pair.@0=Co	2
var.bc_ltscope_undeclared_name_fail.H.@0=Co	1
var.bc_ltscope_wrong_direction_callsite_fail.H.@0=Co	2
var.bc_ltscope_wrong_direction_fail.H.@0=Co	1
var.bc_ltunmentbind_legal_shapes.H.@0=Co	2
var.bc_ltunmentbind_renamed_binder_hole.Holder.@0=Co	2
var.bc_ltunmentbind_two_unrelated_binders.Holder.@0=Co	2
var.bc_mcallvar_legal_twins.P.@0=Co	2
var.bc_mcallvar_legal_twins.P.@1=Co	2
var.bc_mcallvar_legal_twins.Ref.@0=Co	2
var.bc_mcallvar_legal_twins.Ref2.@0=Co	2
var.bc_mcallvar_legal_twins.Ref2.@1=Co	2
var.bc_mcallvar_legal_twins.S.@0=Co	2
var.bc_mcallvar_legal_twins.SR.@0=Co	2
var.bc_objlt_enum_lt::E.@0=Co	2
var.bc_objlt_enum_lt_fail::E.@0=Co	2
var.bc_objlt_impl_self_fail.W.@0=Co	1
var.bc_objlt_impl_self.W.@0=Co	2
var.bc_objlt_struct_lt_fail.W.@0=Co	2
var.bc_objlt_struct_lt.W.@0=Co	2
var.bc_objlt_struct_where_fail.W.@0=Co	2
var.bc_objlt_struct_where.W.@0=Co	2
var.bc_recv_self_lt_generic_admit.P.@0=Co	2
var.bc_recv_self_lt_invariant_fail.Foo.@0=Co	2
var.bc_recv_self_lt_invariant_ok.Foo.@0=Co	2
var.bc_self_type_elided_lt_admit::C.@0=Co	2
var.bc_self_type_enum_lt_match::C.@0=Co	2
var.bc_self_type_lt_args_match.F.@0=Co	2
var.bc_self_type_lt_args_match.F.@1=Co	2
var.bc_slitfat_dst_field_fail.Holder.@0=Co	2
var.bc_slitfat_dst_field.Holder.@0=Co	2
var.bc_slitfat_dyn_field.B.@0=Co	2
var.bc_slitfat_dyn_field_fail.B.@0=Co	2
var.bc_slitfat_push_arg_fail.Flag.@0=Co	2
var.bc_slitfat_push_arg.Flag.@0=Co	2
var.bc_slitfat_slice_field_fail.S.@0=Co	2
var.bc_slitfat_slice_field.S.@0=Co	2
var.bc_slitfat_str_field_fail.Flag.@0=Co	2
var.bc_slitfat_str_field.Flag.@0=Co	2
var.bc_slitfat_str_let_fail.Flag.@0=Co	2
var.bc_slitfat_str_let.Flag.@0=Co	2
var.bc_slitgen_outlives_fail.Thing.@0=Co	2
var.bc_slitgen_outlives.Thing.@0=Co	2
var.bc_slitgen_ref_field_fail.Thing.@0=Co	2
var.bc_slitgen_ref_field.Thing.@0=Co	2
var.bc_slitmint_slice_local_elided.V.@0=Co	2
var.bc_slitmint_slice_local_fail.V.@0=Co	2
var.bc_slitmint_slice_local.V.@0=Co	2
var.bc_stfacts_legal_twins.H.@0=Co	2
var.bc_stfacts_legal_twins.SR.@0=Co	2
var.bc_structfldlt_declared_field_lifetime.Holder.@0=Co	2
var.bc_structfldlt_declared_field_lifetime.W.@0=Co	2
var.bc_structfldlt_undeclared_field_lifetime.W.@0=BiVar	1
var.bc_structlit_field_lt_static_fail.Foo.@0=Co	2
var.bc_structlit_field_lt_static_ok.Foo.@0=Co	2
var.bc_tmcb_erased_call_local.Holder.@0=Co	2
var.bc_tmcb_erased_call_param_twin.Holder.@0=Co	2
var.bc_tmcb_erased_method_local.Holder.@0=Co	2
var.bc_tmcb_erased_method_outlives_twin.Holder.@0=Co	2
var.bc_wf_enum_mention::E.@0=Co	2
var.bc_wf_generic_instance.S.@0=Co	2
var.bc_wf_impl_header_fail.S.@0=Co	1
var.bc_wf_impl_header_return.Foo.@0=Co	2
var.bc_wf_impl_header_return.Foo.@1=Co	2
var.bc_wf_impl_header.S.@0=Co	2
var.bc_wf_impl_scope_fail.Foo.@0=Co	1
var.bc_wf_impl_scope_fail.Foo.@1=Co	1
var.bc_wf_impl_scope.Foo.@0=Co	2
var.bc_wf_impl_scope.Foo.@1=Co	2
var.bc_wf_impl_tparam_bound.S.@0=Co	2
var.bc_wf_impl_where.Foo.@0=Co	2
var.bc_wf_impl_where.Foo.@1=Co	2
var.bc_wf_nested_pred.Inner.@0=Co	2
var.bc_wf_nested_pred.Inner.@1=Co	2
var.bc_wf_nested_pred.Outer.@0=Co	2
var.bc_wf_nested_pred.Outer.@1=Co	2
var.bc_wf_param_mention_fail.Foo.@0=Co	2
var.bc_wf_param_mention_fail.Foo.@1=Co	2
var.bc_wf_param_mention.Foo.@0=Co	2
var.bc_wf_param_mention.Foo.@1=Co	2
var.bc_wf_trait_impl_header.S.@0=Co	2
var.borrow_struct_held_mut.Guard.@0=Co	2
var.c11_lifetime_param_struct.Wrap.@0=Co	2
var.char_literal.Borrowed.@0=Co	2
var.core_2_5_mut_ref_no_auto_copy.Holder.@0=Co	2
var.lifetime_l4_multi_input_elision.Foo2.@0=Co	2
var.lifetime_l4_multi_input_elision.Foo2.@1=Co	2
var.lifetime_trait_bound_arg.S.@0=Co	2
var.lifetime_underscore.S.@0=Co	2
var.lt4.R.@0=Co	2
var.struct_lifetime_generic.Slice.@0=BiVar	2
var.struct_lifetime_param.View.@0=BiVar	2
var.struct_lifetime.Wrapper.@0=Co	2
var.struct_with_mut_ref_not_auto_copy.S.@0=Co	2
var.test.WritView.@0=BiVar	2
var.where_on_struct_enum.Holder.@0=Co	2
var.where_on_struct_enum::Wrap.@0=Co	2
var.x.Holder.@0=Co	2
